Workbook

Sheet Sales Data
A1: Order_ID | B1: Order_Date | C1: Customer_Name | D1: Product | E1: Quantity | F1: Unit_Price | G1: Total_Sales | H1: City
A2: 1 | B2: 46025 | C2: Aarav Sharma | D2: Laptop | E2: 1 | F2: 55000 | G2: 55000 | H2: Delhi
A3: 2 | B3: 46029 | C3: Priya Verma | D3: Mouse | E3: 3 | F3: 2100 | G3: 2100 | H3: Agra
A4: 3 | B4: 46037 | C4: Rahul Singh | D4: Monitor | E4: 2 | F4: 24000 | G4: 24000 | H4: Mathura
A5: 4 | B5: 46055 | C5: Neha Gupta | D5: Keyboard | E5: 2 | F5: 3000 | G5: 3000 | H5: Agra
A6: 5 | B6: 46064 | C6: Kabir Khan | D6: Laptop | E6: 1 | F6: 55000 | G6: 55000 | H6: Delhi
A7: 6 | B7: 46073 | C7: Isha Patel | D7: Chair | E7: 2 | F7: 13000 | G7: 13000 | H7: Jaipur
A8: 7 | B8: 46085 | C8: Rohan Das | D8: Mouse | E8: 5 | F8: 3500 | G8: 3500 | H8: Mathura
A9: 8 | B9: 46099 | C9: Meera Joshi | D9: Desk | E9: 1 | F9: 9000 | G9: 9000 | H9: Delhi
A10: 9 | B10: 46106 | C10: Aarav Sharma | D10: Monitor | E10: 1 | F10: 12000 | G10: 12000 | H10: Delhi
A11: 10 | B11: 46121 | C11: Neha Gupta | D11: Chair | E11: 1 | F11: 6500 | G11: 6500 | H11: Agra

Sheet Employees
A1: Employee_ID | B1: Employee_Name | C1: Department | D1: Salary | E1: City | F1: Joining_Date
A2: 101 | B2: Aarav Sharma | C2: Sales | D2: 45000 | E2: Delhi | F2: 45306
A3: 102 | B3: Priya Verma | C3: HR | D3: 38000 | E3: Agra | F3: 45148
A4: 103 | B4: Rahul Singh | C4: IT | D4: 62000 | E4: Mathura | F4: 44701
A5: 104 | B5: Neha Gupta | C5: Sales | D5: 52000 | E5: Agra | F5: 45363
A6: 105 | B6: Kabir Khan | C6: IT | D6: 70000 | E6: Delhi | F6: 44501
A7: 106 | B7: Isha Patel | C7: Finance | D7: 48000 | E7: Jaipur | F7: 44975
A8: 107 | B8: Rohan Das | C8: Sales | D8: 41000 | E8: Mathura | F8: 44809
A9: 108 | B9: Meera Joshi | C9: Finance | D9: 56000 | E9: Delhi | F9: 45468

Sheet Task 6
A1: Product_ID | B1: Product_Name | C1: Category | D1: Price | E1: Stock
A2: P101 | B2: Laptop | C2: Electronics | D2: 55000 | E2: 5
A3: P102 | B3: Mouse | C3: Accessories | D3: 700 | E3: 40
A4: P103 | B4: Keyboard | C4: Accessories | D4: 1500 | E4: 25
A5: P104 | B5: Monitor | C5: Electronics | D5: 12000 | E5: 12
A6: P105 | B6: Chair | C6: Furniture | D6: 6500 | E6: 8
A7: P106 | B7: Desk | C7: Furniture | D7: 9000 | E7: 4

Sheet Task 7
A1: Employee_Name | B1: Department | C1: Salary | D1: Salary_Status | E1: Sales_Orders_Count | F1: Sales_Total | H1: Function | I1: Purpose
A2: Aarav Sharma | B2: Sales | C2: 45000 | D2: =IF(C2>=50000,"High","Standard") -> Standard | E2: =COUNTIF('Sales Data'!$C$2:$C$11,A2) -> 2 | F2: =SUMIF('Sales Data'!$C$2:$C$11,A2,'Sales Data'!$G$2:$G$11) -> 67000 | H2: IF() | I2: Classifies salary as High or Standard.
A3: Priya Verma | B3: HR | C3: 38000 | D3: =IF(C3>=50000,"High","Standard") -> Standard | E3: =COUNTIF('Sales Data'!$C$2:$C$11,A3) -> 1 | F3: =SUMIF('Sales Data'!$C$2:$C$11,A3,'Sales Data'!$G$2:$G$11) -> 2100 | H3: COUNTIF() | I3: Counts sales orders matching an employee name.
A4: Rahul Singh | B4: IT | C4: 62000 | D4: =IF(C4>=50000,"High","Standard") -> High | E4: =COUNTIF('Sales Data'!$C$2:$C$11,A4) -> 1 | F4: =SUMIF('Sales Data'!$C$2:$C$11,A4,'Sales Data'!$G$2:$G$11) -> 24000 | H4: SUMIF() | I4: Adds sales totals for matching employee names.
A5: Neha Gupta | B5: Sales | C5: 52000 | D5: =IF(C5>=50000,"High","Standard") -> High | E5: =COUNTIF('Sales Data'!$C$2:$C$11,A5) -> 2 | F5: =SUMIF('Sales Data'!$C$2:$C$11,A5,'Sales Data'!$G$2:$G$11) -> 9500
A6: Kabir Khan | B6: IT | C6: 70000 | D6: =IF(C6>=50000,"High","Standard") -> High | E6: =COUNTIF('Sales Data'!$C$2:$C$11,A6) -> 1 | F6: =SUMIF('Sales Data'!$C$2:$C$11,A6,'Sales Data'!$G$2:$G$11) -> 55000
A7: Isha Patel | B7: Finance | C7: 48000 | D7: =IF(C7>=50000,"High","Standard") -> Standard | E7: =COUNTIF('Sales Data'!$C$2:$C$11,A7) -> 1 | F7: =SUMIF('Sales Data'!$C$2:$C$11,A7,'Sales Data'!$G$2:$G$11) -> 13000
A8: Rohan Das | B8: Sales | C8: 41000 | D8: =IF(C8>=50000,"High","Standard") -> Standard | E8: =COUNTIF('Sales Data'!$C$2:$C$11,A8) -> 1 | F8: =SUMIF('Sales Data'!$C$2:$C$11,A8,'Sales Data'!$G$2:$G$11) -> 3500
A9: Meera Joshi | B9: Finance | C9: 56000 | D9: =IF(C9>=50000,"High","Standard") -> High | E9: =COUNTIF('Sales Data'!$C$2:$C$11,A9) -> 1 | F9: =SUMIF('Sales Data'!$C$2:$C$11,A9,'Sales Data'!$G$2:$G$11) -> 9000
A14: Function | B14: Example | C14: Output
A15: IF() | B15: IF(C2>=20000,"Good","Average") | C15: =IF(C2>=20000,"Good","Average") -> Good
A16: COUNTIF() | B16: COUNTIF(B2:B6,"IT") | C16: =COUNTIF(B2:B6,"IT") -> 2
A17: SUMIF() | B17: SUMIF(B2:B6,"IT",C2:C6) | C17: =SUMIF(B2:B6,"IT",C2:C6) -> 132000

Sheet Task 8
A1: Employee_ID | B1: Employee_Name | C1: Department | D1: Salary
A2: E101 | B2: Rahul | C2: IT | D2: 35000
A3: E102 | B3: Priya | C3: HR | D3: 28000
A4: E103 | B4: Amit | C4: Sales | D4: 32000
A5: E104 | B5: Neha | C5: Finance | D5: 40000
A6: E105 | B6: Ravi | C6: IT | D6: 45000
A7: E106 | B7: Simran | C7: Marketing | D7: 30000
A8: E107 | B8: Karan | C8: Sales | D8: 27000 | I8: VLOOKUP
A9: E108 | B9: Pooja | C9: HR | D9: 31000 | I9: Emp_Id | J9: Emp_Name | K9: Dept | L9: Salary
A10: E109 | B10: Arjun | C10: IT | D10: 50000 | I10: E104 | J10: =VLOOKUP(I10,A2:D21,2,FALSE) -> Neha | K10: =VLOOKUP(J10,B2:E21,2,FALSE) -> Finance | L10: =VLOOKUP(K10,C2:F21,2,FALSE) -> 40000
A11: E110 | B11: Anjali | C11: Finance | D11: 42000
A12: E111 | B12: Mohit | C12: Marketing | D12: 29000 | I12: XLOOKUP
A13: E112 | B13: Sneha | C13: Sales | D13: 36000 | I13: Emp_Id | J13: E112
A14: E113 | B14: Varun | C14: IT | D14: 48000 | I14: Emp_Name | J14: =_xlfn.XLOOKUP(J13,$A$2:$A$21,$B$2:$B$21,"Not Found") -> Sneha
A15: E114 | B15: Komal | C15: HR | D15: 26000 | I15: Dept | J15: =_xlfn.XLOOKUP(J13,$A$2:$A$21,$C$2:$C$21,"Not Found") -> Sales
A16: E115 | B16: Deepak | C16: Finance | D16: 39000 | I16: Salary | J16: =_xlfn.XLOOKUP(J13,$A$2:$A$21,$D$2:$D$21,"Not Found") -> 36000
A17: E116 | B17: Nisha | C17: Marketing | D17: 33000
A18: E117 | B18: Rohit | C18: Sales | D18: 37000
A19: E118 | B19: Isha | C19: IT | D19: 52000
A20: E119 | B20: Manish | C20: Finance | D20: 41000
A21: E120 | B21: Riya | C21: HR | D21: 29500

Sheet Task 9
A1: Employee_ID | B1: Employee_Name | C1: Department | D1: Salary
A2: E101 | B2: Rahul | C2: IT | D2: 35000
A3: E102 | B3: Priya | C3: HR | D3: 28000
A4: E103 | B4: Amit | C4: Sales | D4: 32000
A5: E104 | B5: Neha | C5: Finance | D5: 40000
A6: E105 | B6: Ravi | C6: IT | D6: 45000 | K6: Row Labels | L6: Sum of Salary
A7: E106 | B7: Simran | C7: Marketing | D7: 30000 | K7: Finance | L7: 162000
A8: E107 | B8: Karan | C8: Sales | D8: 27000 | K8: HR | L8: 114500
A9: E108 | B9: Pooja | C9: HR | D9: 31000 | K9: IT | L9: 230000
A10: E109 | B10: Arjun | C10: IT | D10: 50000 | K10: Marketing | L10: 92000
A11: E110 | B11: Anjali | C11: Finance | D11: 42000 | K11: Sales | L11: 132000
A12: E111 | B12: Mohit | C12: Marketing | D12: 29000 | K12: Grand Total | L12: 730500
A13: E112 | B13: Sneha | C13: Sales | D13: 36000
A14: E113 | B14: Varun | C14: IT | D14: 48000
A15: E114 | B15: Komal | C15: HR | D15: 26000
A16: E115 | B16: Deepak | C16: Finance | D16: 39000
A17: E116 | B17: Nisha | C17: Marketing | D17: 33000
A18: E117 | B18: Rohit | C18: Sales | D18: 37000
A19: E118 | B19: Isha | C19: IT | D19: 52000
A20: E119 | B20: Manish | C20: Finance | D20: 41000
A21: E120 | B21: Riya | C21: HR | D21: 29500
